student_id,FIO,Sinf,recommended_direction,recommendation_confidence,alternative_direction,alternative_confidence
OQ-09479,Bekmurodova Sitora Bahrom qizi,11-sinf,Iqtisodiyot,0.334388164262829,IT,0.24744246270170217
OQ-15923,Sattorova Aziza Ahmad qizi,11-sinf,Muhandislik,0.34985804430810824,Pedagogika,0.2268590316892286
OQ-06118,Qo‘chqorov Behruz Bekmurod o‘g‘li,11-sinf,Pedagogika,0.3577132006391812,Iqtisodiyot,0.3527305409767617
OQ-12106,Normatov Tohir Mahmud o‘g‘li,11-sinf,Tibbiyot,0.35781519112087645,Iqtisodiyot,0.32482867124232867
OQ-01754,Qodirov Bekzod Zokir o‘g‘li,11-sinf,Tibbiyot,0.3594330530758543,Muhandislik,0.31905934743729636
OQ-04164,Ergashev Anvar Yusuf o‘g‘li,11-sinf,Pedagogika,0.36327559420281275,Muhandislik,0.3504647358868924
OQ-15472,Olimov Tohir Said o‘g‘li,11-sinf,Muhandislik,0.36991602607287166,Tibbiyot,0.3437864220685248
OQ-15362,Ismoilov Sardor Rasul o‘g‘li,11-sinf,Iqtisodiyot,0.3742728258382401,IT,0.2715745581215562
OQ-11766,Ibragimova Gulnoza Raxmon qizi,11-sinf,Tibbiyot,0.37678370974682657,IT,0.3150783439880975
OQ-00928,Qodirov Oybek Ibrohim o‘g‘li,11-sinf,Pedagogika,0.3811582862882904,Muhandislik,0.309323077220579
OQ-03313,Qodirov Ravshan Jo‘ra o‘g‘li,11-sinf,IT,0.3913872702762442,Iqtisodiyot,0.38313378414148785
OQ-02743,Norboyeva Sabina Nazar qizi,11-sinf,Iqtisodiyot,0.39317021116259193,Pedagogika,0.3640170537065481
OQ-16244,Ergashev Doniyor To‘xtay o‘g‘li,11-sinf,Pedagogika,0.3942783935840161,Tibbiyot,0.3033972960870538
OQ-01612,Mahmudov Shohruh Sattor o‘g‘li,11-sinf,Iqtisodiyot,0.394470057714215,Pedagogika,0.383831718847105
OQ-00622,Ismoilov Dilshod Mirza o‘g‘li,11-sinf,Pedagogika,0.39736477324869734,Muhandislik,0.3463263366419881
OQ-11303,Meliyev Jahongir Rustam o‘g‘li,11-sinf,Pedagogika,0.39969572506631135,Iqtisodiyot,0.35329436634003686
OQ-08119,Husanova Nodira Hamro qizi,11-sinf,Tibbiyot,0.4016457505594122,Muhandislik,0.3506276562119197
OQ-15605,Ismoilova Sevinch Sattor qizi,11-sinf,IT,0.40703568825235653,Tibbiyot,0.3153736918618162
OQ-17208,Ismoilova Rano Zokir qizi,11-sinf,Iqtisodiyot,0.4184980795566911,Tibbiyot,0.3806503411101259
OQ-01705,Rustamov Bobur Ahmad o‘g‘li,11-sinf,IT,0.4233741959699099,Tibbiyot,0.40325516792460203
OQ-19199,Qodirov Lazizbek Karim o‘g‘li,11-sinf,IT,0.42647852925173224,Muhandislik,0.39766064834277043
OQ-05777,Ergashev Asadbek Xolmat o‘g‘li,11-sinf,Pedagogika,0.4275254211292213,Tibbiyot,0.394184245022976
OQ-13994,Nazarova Nasiba Rustam qizi,11-sinf,IT,0.4277247176117348,Iqtisodiyot,0.3549922636465131
OQ-18602,Tursunov Umidjon Jo‘ra o‘g‘li,11-sinf,Tibbiyot,0.42874912433710854,IT,0.35973895605433087
OQ-08674,Tursunov Nodir Husan o‘g‘li,11-sinf,Muhandislik,0.4303407745057433,Tibbiyot,0.307066082640454
OQ-04836,Mahmudova Farangiz Jo‘ra qizi,11-sinf,Tibbiyot,0.43058099088195656,Pedagogika,0.3688622843104053
OQ-09330,Sattorova Gulnora Husan qizi,11-sinf,Tibbiyot,0.4374957010136634,Pedagogika,0.321996895626518
OQ-00657,Olimov Ravshan Ali o‘g‘li,11-sinf,Iqtisodiyot,0.4428590981240077,Tibbiyot,0.394218136526799
OQ-05596,Saidova Zuhra Abdulla qizi,11-sinf,Muhandislik,0.4447725615497186,Tibbiyot,0.33964794190407804
OQ-07300,Zokirova Durdona Yusuf qizi,11-sinf,Muhandislik,0.44632865414104034,IT,0.3763748965102248
OQ-14403,Sobirov Saidbek Said o‘g‘li,11-sinf,Iqtisodiyot,0.4482397992263192,Tibbiyot,0.3438840020400915
OQ-02429,Yusupov Kamoliddin Ergash o‘g‘li,11-sinf,Iqtisodiyot,0.44874630989334696,IT,0.42801601105743503
OQ-13534,Rustamova Shahnoza Karim qizi,11-sinf,Muhandislik,0.4499752274938427,Tibbiyot,0.4452700914402913
OQ-09054,Yusupov Sardor Xolmat o‘g‘li,11-sinf,Muhandislik,0.45032326542137013,IT,0.3854614189444566
OQ-02426,Husanova Gulbahor Ergash qizi,11-sinf,Muhandislik,0.4508106619372484,Pedagogika,0.3926617102207299
OQ-19167,Shukurov Umidjon Meli o‘g‘li,11-sinf,Tibbiyot,0.45308219307799036,Iqtisodiyot,0.449617838192485
OQ-03364,Bekmurodova Madinabonu Said qizi,11-sinf,Iqtisodiyot,0.45837220201033013,Muhandislik,0.31167021985082655
OQ-03547,Mamatova Dilorom Yusuf qizi,11-sinf,Pedagogika,0.4585920471713561,Tibbiyot,0.4143782781945989
OQ-03016,Mirzayev Akmal Anvar o‘g‘li,11-sinf,Muhandislik,0.46029872283486045,IT,0.40840882602647544
OQ-05039,Tursunov Behruz Rahim o‘g‘li,11-sinf,Tibbiyot,0.46126771215901935,Iqtisodiyot,0.36157869755775407
OQ-13708,Ibragimov Abbos Ismoil o‘g‘li,11-sinf,Tibbiyot,0.4621115064946104,Iqtisodiyot,0.36834583587673564
OQ-10812,Saidova Barno Rasul qizi,11-sinf,Tibbiyot,0.4653503474702066,Muhandislik,0.45331040022397545
OQ-16768,Xolmatova Go‘zal Olim qizi,11-sinf,Muhandislik,0.4689098939390581,IT,0.4220406112624392
OQ-09529,Rahimova Nodira Ismoil qizi,11-sinf,Iqtisodiyot,0.47012732247790207,Pedagogika,0.4258442235890857
OQ-16684,Hasanov Elbek Norboy o‘g‘li,11-sinf,Pedagogika,0.47506629620540575,Iqtisodiyot,0.4651274947998454
OQ-02342,Nazarov Shahzod Raxmon o‘g‘li,11-sinf,Tibbiyot,0.4765202508623724,Muhandislik,0.4354295116197967
OQ-13387,Husanov Behruz Nazar o‘g‘li,11-sinf,IT,0.4779853956194485,Pedagogika,0.38595532635961705
OQ-06966,Ergashev Anvar Abdulla o‘g‘li,11-sinf,Iqtisodiyot,0.4808589893224789,Pedagogika,0.4596539228129775
OQ-14518,Sattorov Temur Ali o‘g‘li,11-sinf,Tibbiyot,0.4827869449851458,Pedagogika,0.4311040532207087
OQ-10279,Usmonov Bekzod Zokir o‘g‘li,11-sinf,Tibbiyot,0.4831163759927328,Pedagogika,0.4470934154697238
OQ-12222,Hamroyeva Muslima Mahmud qizi,11-sinf,Tibbiyot,0.4832732983797063,Muhandislik,0.39167223718726646
OQ-13694,Xolmatov Abdulaziz Husan o‘g‘li,11-sinf,Pedagogika,0.48514767853022867,Tibbiyot,0.42453466570913956
OQ-02300,Abdullayev Oybek Mahmud o‘g‘li,11-sinf,IT,0.4859540677324986,Muhandislik,0.4530661632256209
OQ-18050,Ergasheva Laylo Ismoil qizi,11-sinf,Tibbiyot,0.4890191250760051,Pedagogika,0.39879242393754494
OQ-15329,Abdurahmonova Mohinur Usmon qizi,11-sinf,Iqtisodiyot,0.4914114460398731,Pedagogika,0.4451274851755179
OQ-04514,To‘xtayeva Saodat Tursun qizi,11-sinf,Iqtisodiyot,0.49173818469799707,Pedagogika,0.48336531789306825
OQ-01774,Rahimov Bahodir Jo‘ra o‘g‘li,11-sinf,Tibbiyot,0.4919323434621975,IT,0.4700018160155297
OQ-02919,Ergashev Bahodir To‘xtay o‘g‘li,11-sinf,IT,0.49284795619166444,Muhandislik,0.42498094380852897
OQ-13714,Xolmatova Umida Nazar qizi,11-sinf,Tibbiyot,0.49315612808869325,Iqtisodiyot,0.4015749107782627
OQ-00942,Karimova Gulnora Bekmurod qizi,11-sinf,IT,0.4934086738458151,Muhandislik,0.40688199001521813
OQ-07175,Zokirova Muxlisa To‘xtay qizi,11-sinf,IT,0.4947804241094835,Iqtisodiyot,0.3885232783662049
OQ-18177,Norboyev Sanjar Rustam o‘g‘li,11-sinf,Pedagogika,0.4953348324224211,Tibbiyot,0.4402404951597702
OQ-14592,Xudoyberdiyev Bobur Raxmon o‘g‘li,11-sinf,Tibbiyot,0.4954098818334075,Iqtisodiyot,0.4806073523606161
OQ-09937,Karimov Farrux Olim o‘g‘li,11-sinf,Muhandislik,0.4956402658710261,Tibbiyot,0.3986206295786041
OQ-17164,Xudoyberdiyeva Nargiza Hasan qizi,11-sinf,Iqtisodiyot,0.4959111467422927,Pedagogika,0.4925782791153649
OQ-02861,Normatov Bekzod Sattor o‘g‘li,11-sinf,Iqtisodiyot,0.49656362748794103,Pedagogika,0.3601406215248184
OQ-19651,Olimova Zarina Usmon qizi,11-sinf,Muhandislik,0.49736350362653237,Pedagogika,0.4932152563485833
OQ-00126,Shukurova Laylo Olim qizi,11-sinf,Tibbiyot,0.49857356579658285,Muhandislik,0.4977855456666626
OQ-17430,Sattorova Shaxrizoda Bekmurod qizi 17430,11-sinf,IT,0.5001927497352376,Tibbiyot,0.49941234275188784
OQ-03216,Tursunova Mubina Norboy qizi,11-sinf,Pedagogika,0.5007183602200996,Iqtisodiyot,0.49928163868369896
OQ-08661,Xudoyberdiyev Jasurbek Mahmud o‘g‘li,11-sinf,Tibbiyot,0.5013433392817352,Pedagogika,0.49865666071805836
OQ-12870,Rustamov Bekzod Rahim o‘g‘li,11-sinf,Iqtisodiyot,0.5013659547520161,Pedagogika,0.4986340443836986
OQ-14405,Sattorov Hamidjon Rustam o‘g‘li,11-sinf,Tibbiyot,0.5015537061804113,Muhandislik,0.4984183599047742
OQ-11271,Rasulova Oysara Meli qizi,11-sinf,Tibbiyot,0.5015592050893813,Iqtisodiyot,0.4848886274857227
OQ-02652,Usmonov Kamoliddin Ergash o‘g‘li,11-sinf,Iqtisodiyot,0.5016596670258677,Tibbiyot,0.48550926279535783
OQ-02458,Eshonqulova Umida Usmon qizi,11-sinf,Tibbiyot,0.5017308571089998,Iqtisodiyot,0.49826909456512
OQ-07828,Husanova Gulbahor Rustam qizi,11-sinf,Tibbiyot,0.5017587632529662,Muhandislik,0.49823820668853447
OQ-01086,Yusupov Islomjon Karim o‘g‘li,11-sinf,Pedagogika,0.5018238222832514,Iqtisodiyot,0.49817617771635053
OQ-00608,Mirzayev Firdavs Tursun o‘g‘li,11-sinf,Pedagogika,0.5024370324273908,Iqtisodiyot,0.49726408245519566
OQ-01907,Rahimova Aziza Tursun qizi,11-sinf,Tibbiyot,0.5025184499834325,Pedagogika,0.4760605705075601
OQ-06777,Xolmatov Shahzod Ergash o‘g‘li,11-sinf,Muhandislik,0.5026695540067659,Pedagogika,0.4972219487353664
OQ-03352,Aliyeva Sabina Olim qizi,11-sinf,Tibbiyot,0.5028228244485423,Muhandislik,0.39978489545729934
OQ-08777,Jo‘rayev Hamidjon Sattor o‘g‘li,11-sinf,IT,0.5035428789648363,Tibbiyot,0.4964571210271297
OQ-16630,Saidov Oybek Normat o‘g‘li,11-sinf,Tibbiyot,0.5036899860528068,Muhandislik,0.49631001366478134
OQ-08314,Qodirova Shaxrizoda Dilmurod qizi,11-sinf,IT,0.5038075394200285,Tibbiyot,0.4961367446372348
OQ-11695,Mahmudova Gulnora Shukur qizi,11-sinf,Tibbiyot,0.5039813699618588,Muhandislik,0.48711036246476364
OQ-02341,Meliyeva Robiya Anvar qizi,11-sinf,Pedagogika,0.5041291677210392,Tibbiyot,0.4329892255907372
OQ-16744,Shukurov Diyorbek Anvar o‘g‘li,11-sinf,Tibbiyot,0.5043352851882635,Pedagogika,0.4954067325608281
OQ-17351,Rahimov Sardor Husan o‘g‘li 17351,11-sinf,Tibbiyot,0.5051295065834742,Muhandislik,0.4948704933570481
OQ-02842,Mahmudov Zafarbek Husan o‘g‘li,11-sinf,Iqtisodiyot,0.5054447235631022,Pedagogika,0.49455134515559995
OQ-02102,Xudoyberdiyeva Yulduz Hamro qizi,11-sinf,Muhandislik,0.5054665156259383,Tibbiyot,0.49453348437266853
OQ-15456,To‘xtayeva Durdona Sobir qizi,11-sinf,Tibbiyot,0.505535344558199,Muhandislik,0.49446450445417084
OQ-03291,Aliyeva Mohira Husan qizi,11-sinf,Muhandislik,0.5056312941474324,Tibbiyot,0.49436828735895716
OQ-11328,Hasanov Yusufbek Ahmad o‘g‘li,11-sinf,Pedagogika,0.505936772513462,Iqtisodiyot,0.4940632273656707
OQ-01992,To‘xtayev Zafarbek Norboy o‘g‘li,11-sinf,Muhandislik,0.5060026328061364,Tibbiyot,0.49399736685521833
OQ-04986,Yusupov Ibrohim Said o‘g‘li,11-sinf,Tibbiyot,0.5060510266254322,Muhandislik,0.49394777767564907
OQ-16772,Qodirova Iroda Anvar qizi,11-sinf,Iqtisodiyot,0.5061192674448337,Tibbiyot,0.4938806680140781
OQ-19615,Meliyeva Nasiba Mirza qizi,11-sinf,Tibbiyot,0.5062482301286728,IT,0.49368527798537387
OQ-12419,Husanova Rayhona Raxmon qizi,11-sinf,IT,0.5066298420284232,Muhandislik,0.46724562448811957
OQ-18633,To‘xtayeva Madinabonu Meli qizi,11-sinf,Muhandislik,0.506684346021594,Tibbiyot,0.49322898159978146
OQ-12955,Eshonqulova Durdona Bekmurod qizi,11-sinf,Pedagogika,0.5070959501725271,Iqtisodiyot,0.42237070745874006
OQ-18276,Rasulov Shohruh Usmon o‘g‘li,11-sinf,Pedagogika,0.5072047686648332,Iqtisodiyot,0.36622068081888975
OQ-03959,Eshonqulova Malika Sobir qizi,11-sinf,Tibbiyot,0.5075132114170315,Muhandislik,0.4924867883686659
OQ-06926,Norboyev Behruz Husan o‘g‘li,11-sinf,Pedagogika,0.5079563756061609,Tibbiyot,0.4899658775758122
OQ-14132,Husanova Muslima Qodir qizi,11-sinf,Pedagogika,0.5082691129653494,Tibbiyot,0.4917308553255851
OQ-01942,Hasanov Jamshid Ergash o‘g‘li,11-sinf,IT,0.5087369331499569,Pedagogika,0.4669695160365725
OQ-11159,Mamatov Oybek Yusuf o‘g‘li,11-sinf,IT,0.5089147481092975,Iqtisodiyot,0.49050113282310276
OQ-14428,Xudoyberdiyeva Gulnoza Mamat qizi,11-sinf,Pedagogika,0.5091864749670206,Iqtisodiyot,0.39910658540144167
OQ-00878,Jo‘rayev Ibrohim Raxmon o‘g‘li,11-sinf,Pedagogika,0.5092741207941558,Iqtisodiyot,0.44496817216630513
OQ-09093,Normatova Zuhra Bahrom qizi,11-sinf,Pedagogika,0.509472351676688,Tibbiyot,0.4905276483078242
OQ-04835,Mamatov Behruz Zokir o‘g‘li,11-sinf,Tibbiyot,0.5095526458247662,Muhandislik,0.49044735417516805
OQ-17274,Abduvaliyev Alisher Ali o‘g‘li 17274,11-sinf,Iqtisodiyot,0.5098720779591969,Tibbiyot,0.48940112616573
OQ-04832,Rustamov Doniyor Ergash o‘g‘li,11-sinf,Muhandislik,0.5100423751485949,Tibbiyot,0.47644164472702655
OQ-12597,Meliyev Sirojiddin Zokir o‘g‘li 12597,11-sinf,IT,0.5100437690417068,Iqtisodiyot,0.4238043979913082
OQ-14782,Mirzayev Islomjon Nazar o‘g‘li,11-sinf,Iqtisodiyot,0.510547302599887,Tibbiyot,0.3987426312650222
OQ-00896,Zokirova Gulnora Yusuf qizi,11-sinf,Tibbiyot,0.5106170040467332,Iqtisodiyot,0.48833337603231036
OQ-15632,Bekmurodova Shahlo Ismoil qizi,11-sinf,Tibbiyot,0.511638135323707,Pedagogika,0.48829246560070805
OQ-19333,Sattorova Aziza Ali qizi,11-sinf,Iqtisodiyot,0.5116546602749413,Pedagogika,0.4883453397152596
OQ-00446,Ergashev Elbek Said o‘g‘li,11-sinf,Muhandislik,0.5119316486553144,Tibbiyot,0.43802902271691213
OQ-18713,Karimov Temur Nazar o‘g‘li,11-sinf,Tibbiyot,0.5119403038413985,Muhandislik,0.48795224587359004
OQ-13256,Usmonov Qobiljon Ibrohim o‘g‘li,11-sinf,Tibbiyot,0.5121044730444321,Muhandislik,0.48728704938568207
OQ-06828,Qo‘chqorov Shahzod Anvar o‘g‘li,11-sinf,Pedagogika,0.5121143305498321,Tibbiyot,0.48788562270322244
OQ-14669,To‘xtayeva Madinabonu Qodir qizi,11-sinf,Muhandislik,0.5124710473753391,Tibbiyot,0.39146190248193335
OQ-13844,Abduvaliyeva Zarina Husan qizi,11-sinf,Tibbiyot,0.5126430145438717,Muhandislik,0.48735695006975005
OQ-07318,Usmonov Bahodir Olim o‘g‘li,11-sinf,Pedagogika,0.5127940828108335,IT,0.4742523962601259
OQ-14631,To‘xtayev Abdulaziz Mirza o‘g‘li,11-sinf,Pedagogika,0.5129400590080834,Tibbiyot,0.4870599404968085
OQ-02714,Mirzayeva Sabina Mahmud qizi,11-sinf,Tibbiyot,0.51303482311169,Muhandislik,0.4868899500628308
OQ-09969,Hasanova Sevinch Dilmurod qizi,11-sinf,Muhandislik,0.5131902209804401,Tibbiyot,0.4868097320382721
OQ-02074,Rasulov Alisher Yusuf o‘g‘li,11-sinf,Pedagogika,0.5136196232106985,Tibbiyot,0.4845134136929549
OQ-15821,Usmonov Azizbek Tursun o‘g‘li,11-sinf,Muhandislik,0.5136938294628363,Iqtisodiyot,0.4559354640286034
OQ-14847,Qodirov Sanjar To‘xtay o‘g‘li,11-sinf,Pedagogika,0.5137109838707217,Iqtisodiyot,0.48616402932518443
OQ-04088,Ergashev Asadbek Ergash o‘g‘li,11-sinf,Tibbiyot,0.5143702872514057,Muhandislik,0.4856295685148813
OQ-01027,Rasulov Temur Anvar o‘g‘li,11-sinf,IT,0.5143752344828847,Muhandislik,0.4818708069003252
OQ-07150,Xudoyberdiyeva Lola Raxmon qizi,11-sinf,IT,0.5145026451341039,Muhandislik,0.48549734869185623
OQ-07205,Raxmonov Umidjon Sattor o‘g‘li,11-sinf,Tibbiyot,0.5146439225326389,Pedagogika,0.4851801044161421
OQ-06796,Meliyev Abdulaziz Mahmud o‘g‘li,11-sinf,Tibbiyot,0.5156862906053338,Iqtisodiyot,0.4843136758140683
OQ-01633,Aliyev Doniyor Tursun o‘g‘li,11-sinf,Tibbiyot,0.515971135727092,Muhandislik,0.40736199071647244
OQ-07136,Raxmonov Yusufbek Ismoil o‘g‘li,11-sinf,Iqtisodiyot,0.5160806725133219,Tibbiyot,0.4834109543398592
OQ-05594,To‘xtayeva Zuhra Nazar qizi,11-sinf,Pedagogika,0.5161645920187476,Muhandislik,0.4260782613485707
OQ-06176,Ibragimov Sardor Abdulla o‘g‘li,11-sinf,Muhandislik,0.5162618072374484,IT,0.48373819275890323
OQ-03562,Olimova Zuhra Zokir qizi,11-sinf,Iqtisodiyot,0.5163213233582336,Pedagogika,0.483594649357457
OQ-01624,Ahmedova Gulnora Sattor qizi,11-sinf,Pedagogika,0.5163301584924703,Iqtisodiyot,0.48366922205259716
OQ-03579,Aliyev Ulug‘bek Rasul o‘g‘li,11-sinf,Iqtisodiyot,0.5163605821225212,Pedagogika,0.48347767136435094
OQ-11996,Eshonqulova Maftuna Usmon qizi,11-sinf,Muhandislik,0.5168349432061369,Tibbiyot,0.4831644605021102
OQ-03409,Olimova Yulduz Tursun qizi,11-sinf,IT,0.5169695528344307,Muhandislik,0.47711172383678074
OQ-13658,Shukurov Abdulaziz Ismoil o‘g‘li,11-sinf,Iqtisodiyot,0.517068097175748,Pedagogika,0.482931902824246
OQ-06111,Zokirov Shohruh Dilmurod o‘g‘li,11-sinf,Pedagogika,0.517225254567455,Tibbiyot,0.48277444761824734
OQ-02210,Ahmedov Jamshid Ahmad o‘g‘li,11-sinf,IT,0.5177936289240027,Pedagogika,0.4821865179802017
OQ-08992,Hamroyev Behruz Husan o‘g‘li,11-sinf,Iqtisodiyot,0.517825867623824,Tibbiyot,0.4820169504501142
OQ-15852,Hamroyeva Fotima Ismoil qizi,11-sinf,IT,0.5179912963515951,Tibbiyot,0.47967422739221227
OQ-16648,Normatova Oydin Ali qizi,11-sinf,Pedagogika,0.5179991133244585,Iqtisodiyot,0.4614629278910756
OQ-14134,Hamroyeva Barno Mirza qizi,11-sinf,Pedagogika,0.5180618297626844,Iqtisodiyot,0.4814435989924408
OQ-03711,Abduvaliyev Ulug‘bek Sherali o‘g‘li,11-sinf,Muhandislik,0.5184653330823715,IT,0.4813801006297583
OQ-02132,Norboyeva Rano Ergash qizi,11-sinf,Iqtisodiyot,0.5185705455414367,Pedagogika,0.481361923853143
OQ-13934,Olimov Doniyor Norboy o‘g‘li,11-sinf,Tibbiyot,0.5186942061992923,Iqtisodiyot,0.4803969374108494
OQ-13284,Abduvaliyeva Shahnoza Rahim qizi,11-sinf,Tibbiyot,0.5187715092946724,Muhandislik,0.48085034775684465
OQ-00907,Ismoilova Umida Mahmud qizi,11-sinf,Muhandislik,0.5189040164185688,Iqtisodiyot,0.4785002015046377
OQ-07253,Bekmurodov Diyorbek Raxmon o‘g‘li,11-sinf,Tibbiyot,0.5189144368349401,Muhandislik,0.48105834916514667
OQ-09169,Jo‘rayeva Gulnora Sherali qizi,11-sinf,IT,0.5193232447651036,Tibbiyot,0.4805672772955501
OQ-10677,Sattorova Muslima Mirza qizi,11-sinf,Muhandislik,0.5195359138816052,Tibbiyot,0.48042536124238705
OQ-04722,Meliyev Miraziz Normat o‘g‘li,11-sinf,Muhandislik,0.5200864344623863,Tibbiyot,0.4799134991263382
OQ-08710,Xolmatov Qobiljon Zokir o‘g‘li,11-sinf,IT,0.5202281375363258,Pedagogika,0.4797593362001238
OQ-04354,Mamatov Sirojiddin Hamro o‘g‘li,11-sinf,Tibbiyot,0.5204154854188014,Muhandislik,0.47958451458118745
OQ-08896,Rahimov Sardor Husan o‘g‘li,11-sinf,Tibbiyot,0.5204374047271931,Pedagogika,0.3904144313400942
OQ-07690,Husanov Dilshod Said o‘g‘li,11-sinf,IT,0.52072715340605,Pedagogika,0.4761058329372391
OQ-14248,Raxmonov Oybek Sobir o‘g‘li,11-sinf,Pedagogika,0.5207402228470989,Tibbiyot,0.4792489036547135
OQ-04382,Yusupov Sanjar Ahmad o‘g‘li,11-sinf,Tibbiyot,0.5211601039745299,Muhandislik,0.47883989411174116
OQ-17613,Saidov Jasurbek Dilmurod o‘g‘li,11-sinf,Tibbiyot,0.5212480876789515,Iqtisodiyot,0.4693445744527875
OQ-05444,Zokirov Javohir Ali o‘g‘li,11-sinf,Pedagogika,0.5215857274209387,Tibbiyot,0.4784094800481631
OQ-01005,Abduvaliyeva Robiya Yusuf qizi,11-sinf,Iqtisodiyot,0.5216552279520815,Tibbiyot,0.4693846624935617
OQ-16752,Raxmonov Ulug‘bek Ibrohim o‘g‘li,11-sinf,IT,0.5217598730077555,Muhandislik,0.4782401269896299
OQ-08893,Hasanov Zafarbek Mamat o‘g‘li,11-sinf,Pedagogika,0.5217623622188101,Iqtisodiyot,0.47816536299643125
OQ-00529,Saidova Shahlo Said qizi,11-sinf,Pedagogika,0.522005362594496,Iqtisodiyot,0.4483046610635367
OQ-19600,To‘xtayev Saidbek Qodir o‘g‘li,11-sinf,Tibbiyot,0.5221360641815226,Muhandislik,0.47786275375970316
OQ-12688,Bekmurodova Go‘zal Anvar qizi,11-sinf,Pedagogika,0.5221388610089013,Tibbiyot,0.47739423237691764
OQ-01949,Hasanov Oybek Ahmad o‘g‘li,11-sinf,Pedagogika,0.5221933210933497,Tibbiyot,0.4774882054725117
OQ-05621,Rustamov Kamoliddin Shukur o‘g‘li,11-sinf,Tibbiyot,0.5222132709442424,Iqtisodiyot,0.47778605264680163
OQ-10730,Rustamov Azizbek To‘xtay o‘g‘li,11-sinf,Iqtisodiyot,0.5223544369393011,Muhandislik,0.4640728475510774
OQ-09068,Yusupova Marjona Nazar qizi,11-sinf,Iqtisodiyot,0.5224015685753395,Tibbiyot,0.4775967766607006
OQ-17781,Tursunova Rano Alisher qizi,11-sinf,IT,0.5228069662681117,Pedagogika,0.4585429013823155
OQ-15796,Tursunov Miraziz Abdulla o‘g‘li,11-sinf,Tibbiyot,0.5229543288734588,Muhandislik,0.47436361151206846
OQ-05043,Tursunov Anvar Yusuf o‘g‘li,11-sinf,Iqtisodiyot,0.5233155505274084,Pedagogika,0.4763741147510711
OQ-05071,Qo‘chqorova Munisa Shukur qizi,11-sinf,Tibbiyot,0.5233590061206425,Muhandislik,0.47664099387935643
OQ-01410,Ergashev Rustam Sherali o‘g‘li,11-sinf,Pedagogika,0.5233715189950446,Muhandislik,0.448603384832622
OQ-00597,Abduvaliyeva Xadicha Bahrom qizi,11-sinf,Tibbiyot,0.5243422256589643,Muhandislik,0.4756198425437582
OQ-07279,Hasanov Qobiljon Hamro o‘g‘li,11-sinf,Pedagogika,0.5246022742615887,IT,0.4753608770345881
OQ-10907,Abdullayev Azizbek Husan o‘g‘li,11-sinf,Muhandislik,0.5247264355313785,Tibbiyot,0.47527356446862146
OQ-04549,Bekmurodova Gulnora Qodir qizi,11-sinf,Tibbiyot,0.5248457061687977,Muhandislik,0.47515429383115004
OQ-12805,Qo‘chqorova Robiya Shukur qizi,11-sinf,IT,0.5250146378971207,Tibbiyot,0.4743898870888505
OQ-16049,Qodirova Nilufar Olim qizi 16049,11-sinf,IT,0.5254404413035326,Muhandislik,0.4745557396141872
OQ-16892,Aliyeva Xadicha Anvar qizi 16892,11-sinf,Tibbiyot,0.5258439635909572,Muhandislik,0.474090577919384
OQ-12287,Xudoyberdiyev Doniyor Mamat o‘g‘li,11-sinf,Tibbiyot,0.5261358395851597,IT,0.4738641531220489
OQ-01379,To‘xtayev Jahongir Mamat o‘g‘li,11-sinf,Tibbiyot,0.5264813090604933,Iqtisodiyot,0.4734467007844313
OQ-10721,Hamroyev Sherzod Shukur o‘g‘li,11-sinf,Muhandislik,0.526598585708286,Tibbiyot,0.47340141429169463
OQ-03740,Jo‘rayev Javohir Meli o‘g‘li,11-sinf,Tibbiyot,0.5269654200487042,Muhandislik,0.47303457994971204
OQ-14892,Ismoilov Jasurbek Ismoil o‘g‘li,11-sinf,Tibbiyot,0.5269841797970469,Pedagogika,0.47283046301981324
OQ-10338,Abduvaliyeva Rayhona Tursun qizi,11-sinf,Iqtisodiyot,0.5269886809905291,Pedagogika,0.4729850184339868
OQ-11327,Yusupov Alisher Ismoil o‘g‘li,11-sinf,IT,0.5270310851731534,Tibbiyot,0.47296891324257173
OQ-07617,Nazarova Durdona Yusuf qizi,11-sinf,Iqtisodiyot,0.5271652302451266,Tibbiyot,0.43200989779337157
OQ-00399,Shukurov Elbek Rahim o‘g‘li,11-sinf,Iqtisodiyot,0.5274773753273353,Pedagogika,0.47252262467266465
OQ-15846,Rasulova Fotima Ibrohim qizi,11-sinf,Tibbiyot,0.5277906069829476,Iqtisodiyot,0.472209120721001
OQ-05698,Mamatova Gulbahor To‘xtay qizi,11-sinf,Iqtisodiyot,0.5282564888690903,Tibbiyot,0.3993862156889872
OQ-17016,Jo‘rayev Saidbek Dilmurod o‘g‘li,11-sinf,Iqtisodiyot,0.5286767499571742,Tibbiyot,0.471323250023632
OQ-03294,Abdullayev Yusufbek Yusuf o‘g‘li,11-sinf,Muhandislik,0.5289054516732364,Pedagogika,0.4708277510417405
OQ-18619,Ahmedov Elbek Rahim o‘g‘li,11-sinf,Muhandislik,0.5296079700089054,IT,0.4703919797240028
OQ-00959,To‘xtayeva Oysara Alisher qizi,11-sinf,Pedagogika,0.529788616002354,Iqtisodiyot,0.47021131979897196
OQ-17284,Mirzayev Miraziz Dilmurod o‘g‘li,11-sinf,Tibbiyot,0.5303051026315939,IT,0.469694836684343
OQ-11173,Mamatova Zarina Rustam qizi,11-sinf,Muhandislik,0.5305590630993892,IT,0.4694347225228148
OQ-02941,Bekmurodov Azizbek Abdulla o‘g‘li,11-sinf,Muhandislik,0.5305996328956026,Tibbiyot,0.4693998330530271
OQ-04366,Mirzayev Jahongir Bahrom o‘g‘li,11-sinf,Tibbiyot,0.5308810303882742,Muhandislik,0.4690653541920116
OQ-19087,Hamroyeva Oydin Mahmud qizi,11-sinf,Tibbiyot,0.5309909599967421,IT,0.46838312053737674
OQ-05490,Shukurov Suhrob Tursun o‘g‘li,11-sinf,Tibbiyot,0.5310431207710994,Muhandislik,0.4689568789470971
OQ-02072,Sobirov Dilshod Alisher o‘g‘li,11-sinf,Tibbiyot,0.5314904835522185,Muhandislik,0.4684843396694511
OQ-06937,Xolmatov Jasurbek Olim o‘g‘li,11-sinf,Muhandislik,0.5315593804010855,Tibbiyot,0.46632113205051123
OQ-00472,Mirzayev Islomjon Mamat o‘g‘li,11-sinf,Muhandislik,0.532508184165065,Tibbiyot,0.4674918070531418
OQ-17968,Mamatova Dilorom Shukur qizi,11-sinf,Iqtisodiyot,0.5325267204389676,Pedagogika,0.46399331840176383
OQ-04118,Qodirova Rayhona Hasan qizi,11-sinf,Tibbiyot,0.5329652900409076,Iqtisodiyot,0.4423146370520134
OQ-06894,Rahimova Zuhra Ismoil qizi,11-sinf,Iqtisodiyot,0.5331411013870069,Pedagogika,0.46476872513543355
OQ-19677,Rustamov Bobur Xolmat o‘g‘li,11-sinf,Tibbiyot,0.5332655695392327,Muhandislik,0.46673443046076585
OQ-18705,Ergasheva Gulbahor Rahim qizi,11-sinf,Tibbiyot,0.5333025299154315,Iqtisodiyot,0.465725968262426
OQ-04216,Eshonqulova Oysara Ahmad qizi,11-sinf,Tibbiyot,0.5336599855528663,Muhandislik,0.466340014447085
OQ-01917,Zokirov Ravshan Hasan o‘g‘li,11-sinf,IT,0.533851898773035,Iqtisodiyot,0.45347248441342236
OQ-13454,Ibragimov Jahongir Zokir o‘g‘li,11-sinf,Tibbiyot,0.5346991537009675,Muhandislik,0.4653008278944446
OQ-03715,Husanov Jamshid Karim o‘g‘li,11-sinf,IT,0.5350461154522603,Muhandislik,0.3853855202472617
OQ-19668,Abduvaliyev Murodjon Anvar o‘g‘li,11-sinf,Muhandislik,0.5351350035438044,Tibbiyot,0.464864991024796
OQ-06683,Hasanov Jahongir Rustam o‘g‘li 6683,11-sinf,Tibbiyot,0.5352128563238966,Iqtisodiyot,0.4647871396367712
OQ-05047,To‘xtayeva Yulduz Karim qizi,11-sinf,Muhandislik,0.5354368367685897,IT,0.46456316320250496
OQ-07260,Aliyev Kamoliddin Hasan o‘g‘li,11-sinf,Pedagogika,0.53565303066449,Tibbiyot,0.46428561672006136
OQ-08938,Xolmatova Gulnoza Hasan qizi,11-sinf,Tibbiyot,0.5357811247159107,IT,0.4642183985624888
OQ-18647,Abdullayev Akmal Ali o‘g‘li,11-sinf,Muhandislik,0.5359627037973345,Tibbiyot,0.46403729620078926
OQ-04202,Bekmurodov Oybek Hasan o‘g‘li,11-sinf,Muhandislik,0.5365064114586346,Tibbiyot,0.463493588541061
OQ-00153,Olimova Dilnoza Yusuf qizi,11-sinf,Muhandislik,0.5365701890628346,Tibbiyot,0.46290669054801836
OQ-03276,Bekmurodov Asadbek Normat o‘g‘li,11-sinf,Tibbiyot,0.5366506009896326,Pedagogika,0.40176710968783313
OQ-04406,Xolmatov Alisher Rasul o‘g‘li,11-sinf,Muhandislik,0.5366998355431537,Tibbiyot,0.4632986903317679
OQ-09975,Xolmatov Asadbek Qodir o‘g‘li,11-sinf,Tibbiyot,0.5373139476204375,Iqtisodiyot,0.4626860503368521
OQ-04125,Mirzayev Abdulaziz Nazar o‘g‘li,11-sinf,Muhandislik,0.5373824125349013,Tibbiyot,0.46260823390755745
OQ-08901,Norboyeva Lola Alisher qizi,11-sinf,Muhandislik,0.5379216864187434,IT,0.4591254899204673
OQ-06483,Sattorova Iroda Nazar qizi,11-sinf,Iqtisodiyot,0.5383246262607677,Tibbiyot,0.46167411231640093
OQ-02323,Rasulov Islomjon Rahim o‘g‘li,11-sinf,Muhandislik,0.5384423297724275,Pedagogika,0.4608786240103937
OQ-17320,Shukurov Sardor Dilmurod o‘g‘li,11-sinf,Tibbiyot,0.5385637820524937,Muhandislik,0.46143610610666774
OQ-04819,Hasanov Zafarbek Said o‘g‘li,11-sinf,Tibbiyot,0.538678906081841,Muhandislik,0.461209277324806
OQ-07679,Hasanova Nasiba Rahim qizi,11-sinf,Pedagogika,0.5387160509951672,Iqtisodiyot,0.4612839481589249
OQ-16975,Ergasheva Madinabonu Alisher qizi,11-sinf,Iqtisodiyot,0.5396067866719068,Pedagogika,0.46037980776053367
OQ-19294,Mahmudov Farrux Xolmat o‘g‘li,11-sinf,Tibbiyot,0.5397278348824874,Muhandislik,0.46025459763402604
OQ-09074,Eshonqulova Shirin Dilmurod qizi,11-sinf,Pedagogika,0.5397888789832915,Tibbiyot,0.4601788468219791
OQ-13165,Usmonov Jahongir Mahmud o‘g‘li,11-sinf,Tibbiyot,0.5398347590773612,Muhandislik,0.46016523917392976
OQ-12225,Xolmatov Hamidjon Alisher o‘g‘li,11-sinf,Iqtisodiyot,0.5401638423352187,Tibbiyot,0.44607441321842745
OQ-06195,Saidov Diyorbek Hamro o‘g‘li,11-sinf,Tibbiyot,0.5405245933638025,Muhandislik,0.45947505265903216
OQ-04027,Rahimov Elbek Ali o‘g‘li,11-sinf,Tibbiyot,0.5408034345901093,Pedagogika,0.45556896292702953
OQ-15709,Usmonova Rano Norboy qizi,11-sinf,Pedagogika,0.5409956922011654,IT,0.4590043066861909
OQ-06457,Ismoilova Durdona Normat qizi,11-sinf,Pedagogika,0.5410051065513154,IT,0.42475818103599816
OQ-04135,Hasanov Bobur Tursun o‘g‘li,11-sinf,Muhandislik,0.5411183742197468,IT,0.45873108499321313
OQ-09845,Abduvaliyev Umidjon Dilmurod o‘g‘li,11-sinf,IT,0.5411237116928801,Tibbiyot,0.45838461607199754
OQ-06158,Normatov Qobiljon Said o‘g‘li,11-sinf,Tibbiyot,0.5414338386068235,Pedagogika,0.45391912543589036
OQ-08996,Usmonov Umidjon Ibrohim o‘g‘li,11-sinf,Pedagogika,0.5414345794045196,Tibbiyot,0.4585011361907163
OQ-04981,Saidova Dilnoza Mirza qizi,11-sinf,Tibbiyot,0.5414780240259502,Muhandislik,0.45852197585852844
OQ-05752,Rahimova Umida Norboy qizi,11-sinf,Tibbiyot,0.5415864716129339,Muhandislik,0.45743149537625755
OQ-02848,Ibragimova Feruza Bahrom qizi,11-sinf,Muhandislik,0.5416090547902053,Tibbiyot,0.45839094373824485
OQ-00777,Usmonova Barno Dilmurod qizi,11-sinf,Iqtisodiyot,0.5417153597256482,Pedagogika,0.45828464025388177
OQ-18856,Usmonov Sirojiddin Ahmad o‘g‘li,11-sinf,Muhandislik,0.5424403552443495,Iqtisodiyot,0.449323803010045
OQ-05160,Aliyev Murodjon Ergash o‘g‘li,11-sinf,Iqtisodiyot,0.542523441548223,Muhandislik,0.45730904603273365
OQ-01794,Usmonova Umida Xolmat qizi,11-sinf,Pedagogika,0.5428489755577172,IT,0.4237467020517825
OQ-10289,Xolmatov Umidjon Tursun o‘g‘li,11-sinf,Tibbiyot,0.5430793178478663,Iqtisodiyot,0.4563824908689149
OQ-04571,Sobirov Jasurbek Nazar o‘g‘li,11-sinf,Tibbiyot,0.5431418750666336,Muhandislik,0.4568581179001238
OQ-00768,Usmonov Akmal Nazar o‘g‘li,11-sinf,Muhandislik,0.5434790317166377,Pedagogika,0.43046588370163175
OQ-11323,Abdullayev Sanjar Nazar o‘g‘li 11323,11-sinf,Muhandislik,0.5435273186167521,Tibbiyot,0.4564706858337319
OQ-02460,Mirzayev Shahzod Shukur o‘g‘li,11-sinf,Muhandislik,0.5435594024350632,Tibbiyot,0.45644059044913515
OQ-14404,Abdurahmonov Hamidjon To‘xtay o‘g‘li,11-sinf,Tibbiyot,0.5435888975448807,IT,0.45620956108443367
OQ-19246,Rasulov Abbos Sobir o‘g‘li,11-sinf,Tibbiyot,0.5438898095412041,IT,0.4561095821299331
OQ-17000,Usmonov Abbos Hamro o‘g‘li,11-sinf,Iqtisodiyot,0.5440027278443444,Tibbiyot,0.45599724954858617
OQ-02708,To‘xtayev Doniyor Bekmurod o‘g‘li,11-sinf,Muhandislik,0.54470958035244,Tibbiyot,0.45529041964755324
OQ-07339,To‘xtayev Suhrob Said o‘g‘li,11-sinf,Tibbiyot,0.5447260501853615,Pedagogika,0.45527394981055636
OQ-17422,Mirzayev Bahodir Hamro o‘g‘li,11-sinf,Pedagogika,0.5448687582101334,Iqtisodiyot,0.40867549356003746
OQ-14068,Rahimov Oybek Husan o‘g‘li,11-sinf,IT,0.5449104082524759,Muhandislik,0.45381867028591516
OQ-14128,Sobirov Diyorbek Shukur o‘g‘li,11-sinf,Tibbiyot,0.5451519323373673,IT,0.4461766429741982
OQ-13053,Aliyeva Nargiza Dilmurod qizi,11-sinf,Tibbiyot,0.5451786290451028,IT,0.42006452813227146
OQ-12942,Tursunova Shahnoza Raxmon qizi,11-sinf,Tibbiyot,0.5452495316221654,Muhandislik,0.45474548887588156
OQ-00522,Husanov Kamoliddin Sherali o‘g‘li,11-sinf,Tibbiyot,0.5453015664363242,Pedagogika,0.42765699776670996
OQ-19724,Mirzayev Zafarbek Alisher o‘g‘li,11-sinf,Tibbiyot,0.5454519844569928,Iqtisodiyot,0.40386811315225246
OQ-17959,Shukurov Anvar Ibrohim o‘g‘li,11-sinf,IT,0.5454820740558721,Tibbiyot,0.39632670805839465
OQ-03695,Ergasheva Marjona Alisher qizi,11-sinf,Pedagogika,0.5460065628339839,IT,0.4538292802068315
OQ-11611,Rustamova Shaxrizoda Bahrom qizi,11-sinf,Tibbiyot,0.5461536706078939,Iqtisodiyot,0.45378189124257345
OQ-04902,Ismoilov Murodjon Ahmad o‘g‘li,11-sinf,Tibbiyot,0.5466788719797138,Muhandislik,0.45332073301915493
OQ-00671,Bekmurodova Maftuna Shukur qizi,11-sinf,Tibbiyot,0.5466914847447997,Pedagogika,0.45172544065550657
OQ-03800,Mamatova Nargiza Bahrom qizi,11-sinf,Pedagogika,0.5467316736214094,Iqtisodiyot,0.4532683251633322
OQ-08277,Tursunova Rayhona To‘xtay qizi,11-sinf,IT,0.5467995138389858,Tibbiyot,0.4506989806711314
OQ-00778,Rustamova Yulduz Dilmurod qizi,11-sinf,Pedagogika,0.5471070078598345,Muhandislik,0.45257092948264427
OQ-02653,Usmonova Madina Shukur qizi,11-sinf,Iqtisodiyot,0.5471664213879427,Pedagogika,0.4238676766201311
OQ-02863,Qodirov Diyorbek Zokir o‘g‘li,11-sinf,Iqtisodiyot,0.547351117540098,Pedagogika,0.45264861759629854
OQ-13944,Aliyev Murodjon Shukur o‘g‘li,11-sinf,Muhandislik,0.5479682337624714,Pedagogika,0.45189567297729505
OQ-19865,Ergasheva Shahlo Bahrom qizi,11-sinf,Muhandislik,0.5480193550302946,IT,0.44870262117239534
OQ-13560,To‘xtayev Asadbek Ali o‘g‘li,11-sinf,Tibbiyot,0.54815914284996,Muhandislik,0.45184085714950056
OQ-08517,Zokirova Sevinch To‘xtay qizi,11-sinf,Tibbiyot,0.548174992483529,Iqtisodiyot,0.40989188435869217
OQ-00385,Meliyeva Shahlo Sherali qizi,11-sinf,Muhandislik,0.5484477177853672,Tibbiyot,0.4515522822146302
OQ-04439,Ahmedov Sirojiddin Mahmud o‘g‘li,11-sinf,Muhandislik,0.5484734889950624,Tibbiyot,0.4515081063586545
OQ-05554,Jo‘rayev Shohruh Hasan o‘g‘li,11-sinf,Muhandislik,0.5487475362725229,Tibbiyot,0.45123573782806264
OQ-07137,Ergasheva Rano Ibrohim qizi,11-sinf,Tibbiyot,0.5487870220243781,IT,0.45121189335189976
OQ-18246,Bekmurodov Jahongir Jo‘ra o‘g‘li,11-sinf,IT,0.5488840404735059,Pedagogika,0.45103074072191207
OQ-10631,Mirzayev Sirojiddin Raxmon o‘g‘li,11-sinf,Iqtisodiyot,0.5489174767525384,Pedagogika,0.450774630375561
OQ-18800,Raxmonov Diyorbek Tursun o‘g‘li,11-sinf,Iqtisodiyot,0.5492044137873442,Pedagogika,0.44978639880347976
OQ-04488,Abdurahmonov Shohruh Rustam o‘g‘li,11-sinf,Iqtisodiyot,0.5500590876142776,Tibbiyot,0.44575421299052176
OQ-01004,Mahmudova Shaxrizoda Sherali qizi,11-sinf,Tibbiyot,0.5503745908048299,Pedagogika,0.44960270623464765
OQ-18843,Hamroyeva Oydin Ergash qizi,11-sinf,Iqtisodiyot,0.550717532625063,Tibbiyot,0.44928245390115823
OQ-06194,Nazarova Nasiba Anvar qizi,11-sinf,Tibbiyot,0.55119999844854,Muhandislik,0.4137137798437668
OQ-01740,Mamatov Diyorbek Husan o‘g‘li,11-sinf,Iqtisodiyot,0.5513488366220506,Tibbiyot,0.437016335507537
OQ-16487,To‘xtayeva Marjona Said qizi,11-sinf,Pedagogika,0.5514220932435355,Tibbiyot,0.4485773719436668
OQ-03590,Aliyeva Malika Ali qizi,11-sinf,Tibbiyot,0.5515018081779389,Muhandislik,0.44664988841993947
OQ-01640,Ahmedov Yusufbek Ahmad o‘g‘li,11-sinf,Tibbiyot,0.5516901012315738,Pedagogika,0.4434773028056824
OQ-04720,Sobirova Shahlo Husan qizi,11-sinf,Tibbiyot,0.5517233099105171,Pedagogika,0.4385986373371751
OQ-02771,Sattorov Tohir Hamro o‘g‘li,11-sinf,Iqtisodiyot,0.5517430536460524,Tibbiyot,0.4229611978865062
OQ-13512,Olimova Zilola Mahmud qizi 13512,11-sinf,Tibbiyot,0.5521055650156169,Muhandislik,0.4478944271921499
OQ-07008,Saidova Munisa Olim qizi,11-sinf,Tibbiyot,0.5523254147468798,Pedagogika,0.4475925802850145
OQ-03202,Aliyev Bekzod Mamat o‘g‘li,11-sinf,IT,0.5523792897301916,Pedagogika,0.44681208310823906
OQ-14286,Rahimov Temur Ali o‘g‘li,11-sinf,Tibbiyot,0.5524233642544019,Muhandislik,0.4353479735424391
OQ-19055,Meliyeva Umida To‘xtay qizi,11-sinf,Pedagogika,0.5525046362324024,Muhandislik,0.44683038162260363
OQ-18283,Saidov Temur Qodir o‘g‘li,11-sinf,Tibbiyot,0.5528753513545854,Iqtisodiyot,0.4471244031750288
OQ-03831,Olimova Robiya Dilmurod qizi,11-sinf,Tibbiyot,0.5529174399561694,Pedagogika,0.4125315481748861
OQ-02287,Zokirov Firdavs Yusuf o‘g‘li,11-sinf,Pedagogika,0.5529275332916178,Iqtisodiyot,0.4470724667073042
OQ-09709,Normatova Mohira Ismoil qizi,11-sinf,IT,0.5531490691331769,Muhandislik,0.44664271097916386
OQ-02233,Meliyeva Marjona Rustam qizi,11-sinf,Iqtisodiyot,0.5533139899250465,Tibbiyot,0.4452480328660614
OQ-18185,Sattorova Oysara Ibrohim qizi,11-sinf,Muhandislik,0.5537232104926196,Tibbiyot,0.44627481000328983
OQ-02258,Karimov Anvar Sherali o‘g‘li,11-sinf,Iqtisodiyot,0.5538034401421145,Muhandislik,0.42038105195897074
OQ-05005,Hamroyeva Laylo Sherali qizi,11-sinf,Tibbiyot,0.5539602086435482,Muhandislik,0.4460395757618613
OQ-15956,Abduvaliyeva Zilola Norboy qizi,11-sinf,Muhandislik,0.5540189823695725,Tibbiyot,0.42046560897363827
OQ-01216,Rahimov Rustam To‘xtay o‘g‘li,11-sinf,Iqtisodiyot,0.5543961164798367,Pedagogika,0.445603878626513
OQ-11931,Mamatova Gulbahor Karim qizi,11-sinf,Iqtisodiyot,0.5545913765504511,Tibbiyot,0.44538493617167874
OQ-03552,Usmonov Farrux Hasan o‘g‘li,11-sinf,Tibbiyot,0.5547149104840705,Muhandislik,0.44513145400408743
OQ-08319,Aliyeva Xadicha Sattor qizi,11-sinf,Tibbiyot,0.5548034202860429,Muhandislik,0.44519657971395715
OQ-13072,Husanova Xadicha Olim qizi 13072,11-sinf,Muhandislik,0.5555522277485266,IT,0.4444467331975154
OQ-14742,Qo‘chqorova Barno Hamro qizi,11-sinf,Tibbiyot,0.5557780293748122,Pedagogika,0.4423535110295883
OQ-09562,Ahmedov Elbek Hamro o‘g‘li 9562,11-sinf,Pedagogika,0.5558799841245929,Tibbiyot,0.4441200158491658
OQ-04004,Meliyev Abbos Anvar o‘g‘li,11-sinf,Muhandislik,0.5560193047660443,Tibbiyot,0.44398069506565635
OQ-10418,Mirzayeva Zarina Hasan qizi,11-sinf,Tibbiyot,0.5560351961885789,Muhandislik,0.4423544037566036
OQ-09665,Jo‘rayev Muhammadali Zokir o‘g‘li,11-sinf,Muhandislik,0.5566845057840321,IT,0.44331549421479005
OQ-17306,Norboyeva Maftuna Alisher qizi,11-sinf,Muhandislik,0.556970182899909,Tibbiyot,0.4430298164357693
OQ-03329,Yusupova Mohira Nazar qizi,11-sinf,Pedagogika,0.5570168824103925,Tibbiyot,0.44129929639847165
OQ-13589,Sattorov Shohruh Abdulla o‘g‘li,11-sinf,IT,0.5570609846788415,Iqtisodiyot,0.4427597880834609
OQ-19620,Aliyeva Saodat Usmon qizi 19620,11-sinf,IT,0.5574129604458873,Muhandislik,0.44258703955077416
OQ-03446,To‘xtayeva Oydin Shukur qizi,11-sinf,Tibbiyot,0.5574205761550328,Muhandislik,0.44253740901909583
OQ-04315,Sobirov Muhammadali Ali o‘g‘li,11-sinf,Iqtisodiyot,0.5577119366672215,Tibbiyot,0.44222350450853215
OQ-17802,Sattorov Asadbek Xolmat o‘g‘li,11-sinf,Tibbiyot,0.5580087860447818,Iqtisodiyot,0.4419900637487421
OQ-05860,Raxmonov Alisher Tursun o‘g‘li 5860,11-sinf,Tibbiyot,0.5580902380583879,Muhandislik,0.43512278073748306
OQ-11390,To‘xtayev Tohir Ergash o‘g‘li,11-sinf,Iqtisodiyot,0.5582911935052846,Pedagogika,0.44115088000673297
OQ-15657,Raxmonov Tohir Dilmurod o‘g‘li,11-sinf,Tibbiyot,0.5588365500918727,IT,0.41475870304334306
OQ-14530,Yusupov Bahodir Alisher o‘g‘li,11-sinf,Muhandislik,0.5588426569627192,Tibbiyot,0.4407976360858338
OQ-06257,Aliyeva Zuhra Rustam qizi,11-sinf,Iqtisodiyot,0.5592795840183736,Tibbiyot,0.44071906434864927
OQ-02877,Rasulova Saodat Shukur qizi,11-sinf,Muhandislik,0.5593826402563197,Tibbiyot,0.43542675936563613
OQ-03646,Ergasheva Barno Sobir qizi,11-sinf,Pedagogika,0.5594796528728999,Iqtisodiyot,0.44052034101530185
OQ-09946,Eshonqulov Suhrob Mamat o‘g‘li,11-sinf,IT,0.5610535619816884,Tibbiyot,0.43894643801802724
OQ-16894,Olimov Doniyor Tursun o‘g‘li,11-sinf,Muhandislik,0.5611882744154258,IT,0.4246379030160094
OQ-07392,Ahmedov Doniyor Normat o‘g‘li,11-sinf,Tibbiyot,0.5615026514913213,Iqtisodiyot,0.4384973472451022
OQ-18708,Raxmonova Munisa Tursun qizi 18708,11-sinf,Muhandislik,0.561514287036201,Tibbiyot,0.43644073847075177
OQ-03041,Ergashev Umidjon Rasul o‘g‘li,11-sinf,Tibbiyot,0.5616351827022695,Iqtisodiyot,0.43835470574736396
OQ-14862,Nazarova Sitora Ergash qizi,11-sinf,Muhandislik,0.5625491110299042,IT,0.4374316015260341
OQ-08272,Saidov Otabek Usmon o‘g‘li,11-sinf,Muhandislik,0.5629920059462403,IT,0.4370060299395825
OQ-05356,Sobirova Nilufar Sattor qizi,11-sinf,Tibbiyot,0.5633970693124554,Muhandislik,0.4321789633003037
OQ-00409,Bekmurodov Bahodir Husan o‘g‘li,11-sinf,Tibbiyot,0.5634179245060816,Pedagogika,0.4365218038734916
OQ-01922,To‘xtayev Islomjon Ismoil o‘g‘li,11-sinf,Iqtisodiyot,0.5636751176040721,Pedagogika,0.4363248823902558
OQ-15217,Nazarov Murodjon Said o‘g‘li,11-sinf,Iqtisodiyot,0.5639230688568891,Pedagogika,0.43048861010648004
OQ-02606,Ahmedov Bekzod Qodir o‘g‘li,11-sinf,Muhandislik,0.5641026667019648,Tibbiyot,0.43589732283470356
OQ-09198,Xolmatov Nodir Ali o‘g‘li,11-sinf,Muhandislik,0.564109088720706,Tibbiyot,0.43589091087124754
OQ-03274,Qodirova Zuhra Ibrohim qizi,11-sinf,Pedagogika,0.5642136251718151,Iqtisodiyot,0.4190441466228981
OQ-09889,Yusupova Nargiza Hasan qizi,11-sinf,Iqtisodiyot,0.5644999129993551,Tibbiyot,0.43540671358730143
OQ-08948,Raxmonov Sherzod Mirza o‘g‘li,11-sinf,Pedagogika,0.5646423502429879,IT,0.4353561935623798
OQ-00589,Mamatov Sanjar Sherali o‘g‘li,11-sinf,Tibbiyot,0.5646768586535714,Muhandislik,0.4166764673983357
OQ-16415,Hamroyev Yusufbek Bahrom o‘g‘li,11-sinf,Muhandislik,0.564781425086004,Iqtisodiyot,0.4352005726047037
OQ-04301,Husanov Tohir Norboy o‘g‘li,11-sinf,Muhandislik,0.5649077788067064,Iqtisodiyot,0.4346421613719591
OQ-07755,Norboyeva Shaxrizoda Ali qizi,11-sinf,Muhandislik,0.5650423316780478,IT,0.43482597308280135
OQ-10121,Mahmudova Nilufar Usmon qizi,11-sinf,Pedagogika,0.5651413037656291,Tibbiyot,0.43485279995229437
OQ-10388,Mamatova Farangiz Sattor qizi,11-sinf,Pedagogika,0.5653490693014588,Tibbiyot,0.43137385770263226
OQ-13230,Raxmonov Otabek Mirza o‘g‘li,11-sinf,Tibbiyot,0.5654324909945287,Muhandislik,0.42084443931325616
OQ-17493,Ergasheva Nilufar Bahrom qizi,11-sinf,Tibbiyot,0.5656684310487027,Pedagogika,0.4330883492517434
OQ-11603,Ibragimova Dilorom Normat qizi,11-sinf,IT,0.5656779180549186,Tibbiyot,0.43432207367990977
OQ-01269,Usmonov Abdulaziz To‘xtay o‘g‘li,11-sinf,IT,0.565760964759645,Muhandislik,0.434194993443815
OQ-09125,Abdurahmonov Sardor Sobir o‘g‘li,11-sinf,Tibbiyot,0.5658784229909917,IT,0.43412100384863045
OQ-01842,Abduvaliyeva Mohira Tursun qizi,11-sinf,Muhandislik,0.5658797271060082,Tibbiyot,0.4341202728934682
OQ-06620,Tursunov Akmal Hamro o‘g‘li,11-sinf,Iqtisodiyot,0.5660322683003569,Tibbiyot,0.4303172995539546
OQ-01989,Tursunova Robiya Normat qizi,11-sinf,Muhandislik,0.566371158115831,Tibbiyot,0.43362884188416767
OQ-19828,Saidova Rano Ergash qizi,11-sinf,Pedagogika,0.5667256488201226,Iqtisodiyot,0.4332743502913829
OQ-12913,Nazarova Munisa Shukur qizi,11-sinf,Iqtisodiyot,0.5668493340985996,Tibbiyot,0.4330642917331411
OQ-02666,Ibragimov Firdavs Ibrohim o‘g‘li,11-sinf,Tibbiyot,0.5669114225260579,Muhandislik,0.4330885774739421
OQ-08884,Meliyeva Aziza Said qizi,11-sinf,Pedagogika,0.5671528355993047,IT,0.4322462078678507
OQ-13092,Ibragimov Asadbek Raxmon o‘g‘li,11-sinf,Iqtisodiyot,0.5674502916968214,Tibbiyot,0.43248430497088103
OQ-07397,Xudoyberdiyeva Zilola Said qizi,11-sinf,Tibbiyot,0.5674674068983294,IT,0.43253223197931195
OQ-06714,Mirzayeva Farangiz Anvar qizi,11-sinf,Iqtisodiyot,0.5676759639703239,Pedagogika,0.4323233635144226
OQ-00951,Karimova Aziza Tursun qizi,11-sinf,Tibbiyot,0.5681028879550392,Iqtisodiyot,0.42718185773344436
OQ-15569,Nazarov Miraziz Raxmon o‘g‘li,11-sinf,Pedagogika,0.5681853162987419,Tibbiyot,0.43181454539872466
OQ-10471,Xudoyberdiyeva Yulduz Bekmurod qizi,11-sinf,IT,0.5681897821855032,Tibbiyot,0.4305482700537981
OQ-05633,Abdurahmonova Rayhona Yusuf qizi,11-sinf,Tibbiyot,0.5681975755668875,IT,0.43180238788466646
OQ-13614,Sobirov Temur Ibrohim o‘g‘li,11-sinf,Muhandislik,0.5686942268623211,Tibbiyot,0.43130577171809287
OQ-18059,Zokirova Sitora Shukur qizi,11-sinf,Tibbiyot,0.5687548089343208,Muhandislik,0.4311833558400508
OQ-11132,Xudoyberdiyev Sanjar Abdulla o‘g‘li,11-sinf,IT,0.5688227775463502,Tibbiyot,0.4304993871809802
OQ-11998,Husanov Oybek Bekmurod o‘g‘li,11-sinf,IT,0.568917300672245,Tibbiyot,0.4310298288746831
OQ-08937,Rasulova Xadicha Yusuf qizi,11-sinf,Muhandislik,0.5691554983999435,Tibbiyot,0.43084450160005605
OQ-12964,Meliyev Sardor Mamat o‘g‘li,11-sinf,Tibbiyot,0.569422972922548,Iqtisodiyot,0.43057686927673616
OQ-19852,Sattorova Mubina Qodir qizi,11-sinf,Tibbiyot,0.5696665560052885,Pedagogika,0.42448653801133296
OQ-02484,Ahmedov Jasurbek Anvar o‘g‘li,11-sinf,Muhandislik,0.5703080805853802,Tibbiyot,0.4282072094859121
OQ-03154,Yusupov Lazizbek To‘xtay o‘g‘li,11-sinf,Tibbiyot,0.5710950740525791,Muhandislik,0.42875855329969564
OQ-04888,Abduvaliyev Suhrob Abdulla o‘g‘li,11-sinf,Tibbiyot,0.5711212273497747,Muhandislik,0.4266374781159986
OQ-06476,Mirzayev Diyorbek Ahmad o‘g‘li,11-sinf,Pedagogika,0.5712065061402981,Iqtisodiyot,0.4287926013407058
OQ-11519,Qo‘chqorova Feruza Usmon qizi,11-sinf,IT,0.5713668434131549,Muhandislik,0.4286331565865565
OQ-18569,Hasanova Madina Sattor qizi 18569,11-sinf,IT,0.5714577113765743,Muhandislik,0.42854228821803875
OQ-14746,Yusupov Javohir Usmon o‘g‘li,11-sinf,Muhandislik,0.5727939282710199,Tibbiyot,0.42720607172898006
OQ-00574,Ergashev Umidjon Sobir o‘g‘li,11-sinf,Muhandislik,0.5729567105900822,Tibbiyot,0.4270422506711243
OQ-07117,Aliyeva Zarina Normat qizi,11-sinf,Muhandislik,0.5740266253114814,Tibbiyot,0.42597329788345784
OQ-05871,Saidova Zilola Mamat qizi,11-sinf,Pedagogika,0.5742713738660633,Iqtisodiyot,0.4256925408714283
OQ-04672,Qo‘chqorova Feruza Rahim qizi,11-sinf,Muhandislik,0.5746352175204233,Tibbiyot,0.42536478247895165
OQ-05830,Eshonqulova Xadicha Anvar qizi,11-sinf,Muhandislik,0.574673159367633,Tibbiyot,0.42532669766103015
OQ-03192,Qo‘chqorova Zarina Normat qizi,11-sinf,IT,0.5748522580018889,Muhandislik,0.42502554317895075
OQ-03806,Ismoilova Nargiza Xolmat qizi,11-sinf,Tibbiyot,0.5748940070043957,Pedagogika,0.4251059434672661
